year;rank;brand;model;generation;segment;sales
2011;1;Volkswagen;Golf;VI;C;485824
2011;2;Volkswagen;Polo;V;B;358726
2011;3;Ford;Fiesta;VI;B;350850
2011;4;Opel/Vauxhall;Corsa;IV;B;316254
2011;5;Renault;Clio;III;B;295627
2011;6;Opel/Vauxhall;Astra;IV;C;291218
2011;7;Ford;Focus;III;C;283702
2011;8;Renault;Mégane;III;C;241483
2011;9;Volkswagen;Passat;VII;D;235852
2011;10;Nissan;Qashqai;I;C-SUV;208431
2012;1;Volkswagen;Golf;VII;C;431742
2012;2;Ford;Fiesta;VI;B;306405
2012;3;Volkswagen;Polo;V;B;287828
2012;4;Opel/Vauxhall;Corsa;IV;B;265297
2012;5;Renault;Clio;IV;B;244280
2012;6;Ford;Focus;III;C;241862
2012;7;Opel/Vauxhall;Astra;IV;C;232645
2012;8;Nissan;Qashqai;I;C-SUV;207885
2012;9;Renault;Mégane;III;C;199167
2012;10;Volkswagen;Passat;VII;D;195617
2013;1;Volkswagen;Golf;VII;C;470229
2013;2;Ford;Fiesta;VI;B;293663
2013;3;Renault;Clio;IV;B;287111
2013;4;Volkswagen;Polo;V;B;266994
2013;5;Opel/Vauxhall;Corsa;IV;B;239814
2013;6;Peugeot;208;I;B;239102
2013;7;Ford;Focus;III;C;224232
2013;8;Nissan;Qashqai;I;C-SUV;202593
2013;9;BMW;Series 3;VI;D;201224
2013;10;Opel/Vauxhall;Astra;IV;C;194683
2014;1;Volkswagen;Golf;VII;C;520958
2014;2;Ford;Fiesta;VI;B;308999
2014;3;Renault;Clio;IV;B;300924
2014;4;Volkswagen;Polo;V;B;280378
2014;5;Opel/Vauxhall;Corsa;IV;B;252420
2014;6;Ford;Focus;III;C;222843
2014;7;Peugeot;208;I;B;215312
2014;8;Škoda;Octavia;III;C;206362
2014;9;Nissan;Qashqai;II;C-SUV;204200
2014;10;Audi;A3;III;C;200157
2015;1;Volkswagen;Golf;VII;C;533584
2015;2;Ford;Fiesta;VI;B;314432
2015;3;Renault;Clio;IV;B;305305
2015;4;Volkswagen;Polo;V;B;301817
2015;5;Opel/Vauxhall;Corsa;V;B;269765
2015;6;Ford;Focus;III;C;234442
2015;7;Nissan;Qashqai;II;C-SUV;232176
2015;8;Peugeot;208;I;B;229767
2015;9;Volkswagen;Passat;VIII;D;228113
2015;10;Škoda;Octavia;III;C;218095
2015;11;Peugeot;308;II;C;214907
2015;12;Audi;A3;III;C;199668
2015;13;Opel/Vauxhall;Astra;V;C;195612
2015;14;Renault;Captur;I;B-SUV;195323
2015;15;Toyota;Yaris;III;B;184317
2015;16;Fiat;500 (2007 year);I;A;180523
2015;17;Mercedes-Benz;C-class;IV;D;173381
2015;18;Fiat;Panda;III;A;172338
2015;19;Opel/Vauxhall;Mokka;I;B-SUV;163747
2015;20;Škoda;Fabia;III;B;161394
2016;1;Volkswagen;Golf;VII;C;492952
2016;2;Renault;Clio;IV;B;315115
2016;3;Volkswagen;Polo;V;B;308561
2016;4;Ford;Fiesta;VI;B;300528
2016;5;Opel/Vauxhall;Corsa;V;B;264844
2016;6;Opel/Vauxhall;Astra;V;C;253483
2016;7;Peugeot;208;I;B;249047
2016;8;Nissan;Qashqai;II;C-SUV;234340
2016;9;Škoda;Octavia;III;C;230255
2016;10;Renault;Captur;I;B-SUV;217105
2016;11;Ford;Focus;III;C;214435
2016;12;Volkswagen;Passat;VIII;D;208575
2016;13;Peugeot;308;II;C;195653
2016;14;Toyota;Yaris;III;B;193969
2016;15;Fiat;Panda;III;A;191617
2016;16;Fiat;500 (2007 year);I;A;183730
2016;17;Volkswagen;Tiguan;II;C-SUV;180198
2016;18;Škoda;Fabia;III;B;177301
2016;19;Dacia;Sandero;II;B;170300
2016;20;Citroën;C3;III;B;134560
2017;1;Volkswagen;Golf;VII;C;483105
2017;2;Renault;Clio;IV;B;327395
2017;3;Volkswagen;Polo;V;B;272061
2017;4;Ford;Fiesta;VII;B;254539
2017;5;Nissan;Qashqai;II;C-SUV;247939
2017;6;Peugeot;208;I;B;244615
2017;7;Volkswagen;Tiguan;II;C-SUV;234916
2017;8;Opel/Vauxhall;Corsa;V;B;232738
2017;9;Škoda;Octavia;III;C;230116
2017;10;Opel/Vauxhall;Astra;V;C;217813
2017;11;Ford;Focus;III;C;214661
2017;12;Renault;Captur;I;B-SUV;212768
2017;13;Citroën;C3;III;B;207299
2017;14;Toyota;Yaris;III;B;199182
2017;15;Dacia;Sandero;II;B;196067
2017;16;Fiat;500 (2007 year);I;A;189928
2017;17;Fiat;Panda;III;A;187322
2017;18;Volkswagen;Passat;VIII;D;184123
2017;19;Peugeot;2008;I;B-SUV;180868
2017;20;Škoda;Fabia;III;B;180136
2018;1;Volkswagen;Golf;VII;C;445754
2018;2;Renault;Clio;IV;B;336268
2018;3;Volkswagen;Polo;VI;B;299920
2018;4;Ford;Fiesta;VII;B;270738
2018;5;Nissan;Qashqai;II;C-SUV;233026
2018;6;Peugeot;208;I;B;230049
2018;7;Volkswagen;Tiguan;II;C-SUV;224788
2018;8;Škoda;Octavia;III;C;223352
2018;9;Toyota;Yaris;III;B;217642
2018;10;Opel/Vauxhall;Corsa;V;B;217036
2018;11;Dacia;Sandero;II;B;216306
2018;12;Renault;Captur;I;B-SUV;214720
2018;13;Citroën;C3;III;B;210082
2018;14;Peugeot;3008;II;C-SUV;204197
2018;15;Ford;Focus;IV;C;196583
2018;16;Fiat;500 (2007 year);I;A;191205
2018;17;Dacia;Duster;II;C-SUV;182100
2018;18;Peugeot;2008;I;B-SUV;180204
2018;19;Škoda;Fabia;III;B;172511
2018;20;Fiat;Panda;III;A;168697
2018;21;Opel/Vauxhall;Astra;V;C;160275
2018;22;Volkswagen;Passat;VIII;D;157986
2018;23;Mercedes-Benz;A-class;IV;C;156020
2018;24;Peugeot;308;II;C;155925
2018;25;Ford;Kuga;II;C-SUV;154125
2019;1;Volkswagen;Golf;VII;C;410330
2019;2;Renault;Clio;V;B;319136
2019;3;Volkswagen;Polo;VI;B;256259
2019;4;Ford;Fiesta;VII;B;228183
2019;5;Volkswagen;Tiguan;II;C-SUV;224890
2019;6;Peugeot;208;I;B;224659
2019;7;Dacia;Sandero;II;B;224655
2019;8;Renault;Captur;I;B-SUV;224127
2019;9;Ford;Focus;IV;C;224065
2019;10;Škoda;Octavia;III;C;223416
2019;11;Opel/Vauxhall;Corsa;V;B;221623
2019;12;Dacia;Duster;II;C-SUV;221428
2019;13;Nissan;Qashqai;II;C-SUV;218560
2019;14;Citroën;C3;III;B;212833
2019;15;Toyota;Yaris;III;B;212526
2019;16;Volkswagen;T-Roc;I;B-SUV;207863
2019;17;Mercedes-Benz;A-class;IV;C;199713
2019;18;Peugeot;3008;II;C-SUV;195211
2019;19;Fiat;Panda;III;A;184288
2019;20;Fiat;500 (2007 year);I;A;176414
2019;21;Peugeot;2008;I;B-SUV;167417
2019;22;Ford;Kuga;III;C-SUV;162106
2019;23;Škoda;Fabia;III;B;157853
2019;24;Mercedes-Benz;C-class;IV;D;146023
2019;25;Peugeot;308;II;C;143470
2020;1;Volkswagen;Golf;VIII;C;281093
2020;2;Renault;Clio;V;B;244363
2020;3;Peugeot;208;II;B;198112
2020;4;Opel/Vauxhall;Corsa;VI;B;196790
2020;5;Toyota;Yaris;IV;B;177440
2020;6;Renault;Captur;II;B-SUV;176145
2020;7;Škoda;Octavia;IV;C;175466
2020;8;Volkswagen;Tiguan;II;C-SUV;173627
2020;9;Ford;Focus;IV;C;172645
2020;10;Volkswagen;Polo;VI;B;166593
2021;1;Volkswagen;Golf;VIII;C;205408
2021;2;Peugeot;208;II;B;196869
2021;3;Dacia;Sandero;III;B;196792
2021;4;Renault;Clio;V;B;196243
2021;5;Peugeot;2008;II;B-SUV;194653
2021;6;Volkswagen;T-Roc;I;B-SUV;186644
2021;7;Toyota;Yaris;IV;B;182590
2021;8;Opel/Vauxhall;Corsa;VI;B;180643
2021;9;Fiat;500 (2007 year);I;A;174739
2021;10;Citroën;C3;III;B;159302
2021;11;Renault;Captur;II;B-SUV;158580
2021;12;Volkswagen;Polo;VI;B;152617
2021;13;Hyundai;Tucson;IV;C-SUV;149170
2021;14;Toyota;Corolla;XII;C;146604
2021;15;Dacia;Duster;II;C-SUV;145753
2021;16;Škoda;Octavia;IV;C;143268
2021;17;Tesla;Model Y;I;D-SUV;141429
2021;18;Peugeot;3008;II;C-SUV;140015
2021;19;Volkswagen;Tiguan;II;C-SUV;133558
2021;20;Ford;Puma;I;B-SUV;132887
2021;21;Fiat;Panda;III;A;132227
2021;22;Volkswagen;T-Cross;I;B-SUV;127956
2021;23;Volvo;XC40;I;C-SUV;120234
2021;24;Mercedes-Benz;A-class;IV;C;117233
2021;25;BMW;Series 3;VII;D;116250
2022;1;Peugeot;208;II;B;206816
2022;2;Dacia;Sandero;III;B;200550
2022;3;Volkswagen;T-Roc;I;B-SUV;181153
2022;4;Fiat;500 (2007 year);I;A;179863
2022;5;Volkswagen;Golf;VIII;C;177203
2022;6;Toyota;Yaris;IV;B;175713
2022;7;Opel/Vauxhall;Corsa;VI;B;164385
2022;8;Hyundai;Tucson;IV;C-SUV;150803
2022;9;Dacia;Duster;II;C-SUV;149648
2022;10;Renault;Clio;V;B;143561
2022;11;Citroën;C3;III;B;143358
2022;12;Peugeot;2008;II;B-SUV;141471
2022;13;Tesla;Model Y;I;D-SUV;138128
2022;14;Kia;Sportage;V;C-SUV;137353
2022;15;Toyota;Yaris Cross;I;B-SUV;136986
2022;16;Ford;Puma;I;B-SUV;136956
2022;17;Renault;Captur;II;B-SUV;135284
2022;18;Toyota;Corolla;XII;C;129677
2022;19;Ford;Kuga;III;C-SUV;127266
2022;20;Fiat;Panda;III;A;124952
2022;21;Nissan;Qashqai;III;C-SUV;116365
2022;22;Volkswagen;Tiguan;II;C-SUV;116334
2022;23;Mini;Hatch/Cabrio;III;B;115943
2022;24;Volkswagen;Polo;VI;B;113588
2022;25;Škoda;Octavia;IV;C;112935
2023;1;Tesla;Model Y;I;D-SUV;251604
2023;2;Dacia;Sandero;III;B;234715
2023;3;Volkswagen;T-Roc;I;B-SUV;204610
2023;4;Renault;Clio;V;B;201604
2023;5;Peugeot;208;II;B;193679
2023;6;Opel/Vauxhall;Corsa;VI;B;188154
2023;7;Volkswagen;Golf;VIII;C;183716
2023;8;Toyota;Yaris Cross;I;B-SUV;176285
2023;9;Fiat;500 (2007 year);I;A;173187
2023;10;Škoda;Octavia;IV;C;160662
2023;11;Ford;Puma;I;B-SUV;159704
2023;12;Peugeot;2008;II;B-SUV;158376
2023;13;Hyundai;Tucson;IV;C-SUV;158056
2023;14;Toyota;Yaris;IV;B;157752
2023;15;Dacia;Duster;II;C-SUV;154944
2023;16;Kia;Sportage;V;C-SUV;150931
2023;17;Citroën;C3;III;B;145434
2023;18;Renault;Captur;II;B-SUV;145193
2023;19;Nissan;Qashqai;III;C-SUV;144648
2023;20;Volkswagen;Tiguan;II;C-SUV;141140
2023;21;Volkswagen;Polo;VI;B;139591
2023;22;Toyota;Corolla;XII;C;130256
2023;23;Audi;A3;IV;C;128222
2023;24;Mini;Hatch/Cabrio;III;B;125828
2023;25;Fiat;Panda;III;A;124796
2024;1;Dacia;Sandero;III;B;268101
2024;2;Renault;Clio;V;B;216317
2024;3;Volkswagen;Golf;VIII;C;215715
2024;4;Tesla;Model Y;I;D-SUV;209214
2024;5;Volkswagen;T-Roc;I;B-SUV;202840
2024;6;Peugeot;208;II;B;199909
2024;7;Toyota;Yaris Cross;I;B-SUV;194006
2024;8;Škoda;Octavia;IV;C;180607
2024;9;Dacia;Duster;III;C-SUV;175213
2024;10;Toyota;Yaris;IV;B;174042
2024;11;Kia;Sportage;V;C-SUV;168017
2024;12;Volkswagen;Tiguan;III;C-SUV;164604
2024;13;Opel/Vauxhall;Corsa;VI;B;162103
2024;14;Peugeot;2008;II;B-SUV;162028
2024;15;Citroën;C3;IV;B;160583
2024;16;Hyundai;Tucson;IV;C-SUV;154717
2024;17;Ford;Puma;I;B-SUV;149112
2024;18;Renault;Captur;II;B-SUV;147178
2024;19;Nissan;Qashqai;III;C-SUV;140330
2024;20;Volkswagen;Polo;VI;B;135303
2024;21;Toyota;Corolla;XII;C;130284
2024;22;Toyota;CH-R;II;B-SUV;121290
2024;23;Fiat;Panda;III;A;119497
2024;24;BMW;X1;III;C-SUV;117041
2024;25;Audi;A3;IV;C;114662
